model,RMSE,R2
Linear Regression,1.71375424673285222E18,0.024561243833836843
Gradient Boosted Trees,8.3114537823604992E17,0.7705664592343757
